{"cameraMode":{"drawMode":0,"name":"Shaded","section":"Shading Mode"},"sceneLighting":true,"audioPlay":false,"sceneViewState":{"showFog":true,"showMaterialUpdate":false,"showSkybox":true,"showFlares":true,"showImageEffects":true,"showParticleSystems":true},"in2DMode":false,"pivot":{"x":-8.922988891601563,"y":-5.831439971923828,"z":-0.9363241195678711},"rotation":{"x":0.30200740694999697,"y":0.5423189401626587,"z":-0.2174331098794937,"w":0.7532626390457153},"size":41.09584045410156,"orthographic":false}